{"cameraMode":{"drawMode":0,"name":"Shaded","section":"Shading Mode"},"sceneLighting":false,"audioPlay":false,"sceneViewState":{"m_AlwaysRefresh":false,"showFog":true,"showSkybox":false,"showFlares":true,"showImageEffects":true,"showParticleSystems":true,"showVisualEffectGraphs":true,"m_FxEnabled":true},"in2DMode":false,"pivot":{"x":2.3350002765655519,"y":-5.960464477539063e-8,"z":-0.005500078201293945},"rotation":{"x":0.15132790803909303,"y":0.4021216332912445,"z":-0.06757891178131104,"w":0.9004618525505066},"size":0.7185049057006836,"orthographic":false}