{"cameraMode":{"drawMode":0,"name":"Shaded","section":"Shading Mode"},"sceneLighting":false,"audioPlay":false,"sceneViewState":{"m_AlwaysRefresh":false,"showFog":true,"showSkybox":true,"showFlares":true,"showImageEffects":true,"showParticleSystems":true,"showVisualEffectGraphs":true,"m_FxEnabled":true},"in2DMode":false,"pivot":{"x":-1.2108644247055054,"y":0.26546958088874819,"z":4.213390350341797},"rotation":{"x":0.17252375185489655,"y":-0.008865480311214924,"z":0.0015519800363108516,"w":0.9849674701690674},"size":4.2193522453308109,"orthographic":true}