{"cameraMode":{"drawMode":0,"name":"Shaded","section":"Shading Mode"},"sceneLighting":false,"audioPlay":false,"sceneViewState":{"m_AlwaysRefresh":false,"showFog":true,"showSkybox":true,"showFlares":true,"showImageEffects":true,"showParticleSystems":true,"showVisualEffectGraphs":true,"m_FxEnabled":true},"in2DMode":false,"pivot":{"x":-0.22335699200630189,"y":0.3242664933204651,"z":2.2167491912841799},"rotation":{"x":0.2791540324687958,"y":-0.0011606630869209767,"z":0.0002660038007888943,"w":0.9602981805801392},"size":7.7966156005859379,"orthographic":true}