{"cameraMode":{"drawMode":0,"name":"Shaded","section":"Shading Mode"},"sceneLighting":true,"audioPlay":false,"sceneViewState":{"m_AlwaysRefresh":false,"showFog":true,"showSkybox":true,"showFlares":true,"showImageEffects":true,"showParticleSystems":true,"showVisualEffectGraphs":true,"m_FxEnabled":true},"in2DMode":false,"pivot":{"x":1.0877273082733155,"y":1.1242003440856934,"z":8.326385498046875},"rotation":{"x":0.35062935948371889,"y":0.12255213409662247,"z":-0.046339407563209537,"w":0.9273054003715515},"size":5.961612701416016,"orthographic":true}