{"cameraMode":{"drawMode":0,"name":"Shaded","section":"Shading Mode"},"sceneLighting":false,"audioPlay":false,"sceneViewState":{"m_AlwaysRefresh":false,"showFog":true,"showSkybox":true,"showFlares":true,"showImageEffects":true,"showParticleSystems":true,"showVisualEffectGraphs":true,"m_FxEnabled":true},"in2DMode":false,"pivot":{"x":-4.3871917724609379,"y":6.720612525939941,"z":7.2253217697143559},"rotation":{"x":0.27482539415359499,"y":-0.09785537421703339,"z":0.028149496763944627,"w":0.9561105966567993},"size":8.312254905700684,"orthographic":true}