{"cameraMode":{"drawMode":0,"name":"Shaded","section":"Shading Mode"},"sceneLighting":false,"audioPlay":false,"sceneViewState":{"m_AlwaysRefresh":false,"showFog":true,"showSkybox":true,"showFlares":true,"showImageEffects":true,"showParticleSystems":true,"showVisualEffectGraphs":true,"m_FxEnabled":true},"in2DMode":false,"pivot":{"x":-1.1222620010375977,"y":1.2543514966964722,"z":4.536287784576416},"rotation":{"x":0.234200119972229,"y":0.005832430440932512,"z":-0.001405969844199717,"w":0.9721794724464417},"size":3.5045576095581056,"orthographic":true}