{"cameraMode":{"drawMode":0,"name":"Shaded","section":"Shading Mode"},"sceneLighting":true,"audioPlay":false,"sceneViewState":{"m_AlwaysRefresh":false,"showFog":true,"showSkybox":true,"showFlares":true,"showImageEffects":true,"showParticleSystems":true,"showVisualEffectGraphs":true,"m_FxEnabled":true},"in2DMode":false,"pivot":{"x":-0.10327619314193726,"y":1.2279019355773926,"z":10.732733726501465},"rotation":{"x":0.2192898690700531,"y":-0.0876728892326355,"z":0.01978956162929535,"w":0.9715114235877991},"size":3.6174402236938478,"orthographic":true}