{"cameraMode":{"drawMode":0,"name":"Shaded","section":"Shading Mode"},"sceneLighting":false,"audioPlay":false,"sceneViewState":{"m_AlwaysRefresh":false,"showFog":true,"showSkybox":true,"showFlares":true,"showImageEffects":true,"showParticleSystems":true,"showVisualEffectGraphs":true,"m_FxEnabled":true},"in2DMode":false,"pivot":{"x":-1.165911316871643,"y":0.9829998016357422,"z":7.794061183929443},"rotation":{"x":0.15029366314411164,"y":-0.020759910345077516,"z":0.0031565483659505846,"w":0.9884197115898132},"size":2.7299962043762209,"orthographic":true}