{"cameraMode":{"drawMode":0,"name":"Shaded","section":"Shading Mode"},"sceneLighting":false,"audioPlay":false,"sceneViewState":{"m_AlwaysRefresh":false,"showFog":true,"showSkybox":true,"showFlares":true,"showImageEffects":true,"showParticleSystems":true,"showVisualEffectGraphs":true,"m_FxEnabled":true},"in2DMode":false,"pivot":{"x":1.1810816526412964,"y":1.3898061513900757,"z":2.7737159729003908},"rotation":{"x":0.226019948720932,"y":-0.009352932684123516,"z":0.0021703995298594238,"w":0.9740793704986572},"size":3.717771291732788,"orthographic":true}