{"cameraMode":{"drawMode":0,"name":"Shaded","section":"Shading Mode"},"sceneLighting":false,"audioPlay":false,"sceneViewState":{"m_AlwaysRefresh":false,"showFog":true,"showSkybox":true,"showFlares":true,"showImageEffects":true,"showParticleSystems":true,"showVisualEffectGraphs":true,"m_FxEnabled":true},"in2DMode":false,"pivot":{"x":4.32429838180542,"y":-1.4414751529693604,"z":0.03945314884185791},"rotation":{"x":0.31798622012138369,"y":0.4668305814266205,"z":-0.18456824123859406,"w":0.8042993545532227},"size":6.934317588806152,"orthographic":true}