{"cameraMode":{"drawMode":0,"name":"Shaded","section":"Shading Mode"},"sceneLighting":false,"audioPlay":false,"sceneViewState":{"m_AlwaysRefresh":false,"showFog":true,"showSkybox":true,"showFlares":true,"showImageEffects":true,"showParticleSystems":true,"showVisualEffectGraphs":true,"m_FxEnabled":true},"in2DMode":false,"pivot":{"x":-0.9012808799743652,"y":1.860174298286438,"z":7.40895938873291},"rotation":{"x":0.04878367856144905,"y":0.06611281633377075,"z":-0.003111344063654542,"w":0.9966840744018555},"size":8.839763641357422,"orthographic":true}