{"cameraMode":{"drawMode":0,"name":"Shaded","section":"Shading Mode"},"sceneLighting":false,"audioPlay":false,"sceneViewState":{"m_AlwaysRefresh":false,"showFog":true,"showSkybox":true,"showFlares":true,"showImageEffects":true,"showParticleSystems":true,"showVisualEffectGraphs":true,"m_FxEnabled":true},"in2DMode":false,"pivot":{"x":-1.5854798555374146,"y":0.6663732528686523,"z":7.822795391082764},"rotation":{"x":0.15030968189239503,"y":-0.014829134568572045,"z":0.0022547307889908554,"w":0.9885263442993164},"size":1.298348307609558,"orthographic":true}