{"cameraMode":{"drawMode":0,"name":"Shaded","section":"Shading Mode"},"sceneLighting":false,"audioPlay":false,"sceneViewState":{"m_AlwaysRefresh":false,"showFog":true,"showSkybox":true,"showFlares":true,"showImageEffects":true,"showParticleSystems":true,"showVisualEffectGraphs":true,"m_FxEnabled":true},"in2DMode":false,"pivot":{"x":4.394323825836182,"y":2.94935941696167,"z":0.9646545648574829},"rotation":{"x":0.16809871792793275,"y":0.006202213000506163,"z":-0.0011641806922852994,"w":0.985790491104126},"size":11.804231643676758,"orthographic":true}