{"cameraMode":{"drawMode":0,"name":"Shaded","section":"Shading Mode"},"sceneLighting":true,"audioPlay":false,"sceneViewState":{"m_AlwaysRefresh":false,"showFog":true,"showSkybox":true,"showFlares":true,"showImageEffects":true,"showParticleSystems":true,"showVisualEffectGraphs":true,"m_FxEnabled":true},"in2DMode":false,"pivot":{"x":2.859539747238159,"y":0.3447096347808838,"z":10.482662200927735},"rotation":{"x":0.39916113018989565,"y":0.4222610592842102,"z":-0.21470585465431214,"w":0.7850290536880493},"size":2.9844937324523927,"orthographic":true}