{"cameraMode":{"drawMode":0,"name":"Shaded","section":"Shading Mode"},"sceneLighting":false,"audioPlay":false,"sceneViewState":{"m_AlwaysRefresh":false,"showFog":true,"showSkybox":true,"showFlares":true,"showImageEffects":true,"showParticleSystems":true,"showVisualEffectGraphs":true,"m_FxEnabled":true},"in2DMode":false,"pivot":{"x":-2.231398820877075,"y":3.409689426422119,"z":6.217775344848633},"rotation":{"x":0.38869455456733706,"y":-0.053637146949768069,"z":0.022500919178128244,"w":0.919585108757019},"size":6.153152942657471,"orthographic":true}