{"cameraMode":{"drawMode":0,"name":"Shaded","section":"Shading Mode"},"sceneLighting":false,"audioPlay":false,"sceneViewState":{"m_AlwaysRefresh":false,"showFog":true,"showSkybox":true,"showFlares":true,"showImageEffects":true,"showParticleSystems":true,"showVisualEffectGraphs":true,"m_FxEnabled":true},"in2DMode":false,"pivot":{"x":-0.8355761170387268,"y":-1.3369007110595704,"z":5.469721794128418},"rotation":{"x":0.4200359284877777,"y":0.008167335763573647,"z":-0.003779192455112934,"w":0.9074702858924866},"size":4.556429862976074,"orthographic":true}