{"cameraMode":{"drawMode":0,"name":"Shaded","section":"Shading Mode"},"sceneLighting":false,"audioPlay":false,"sceneViewState":{"m_AlwaysRefresh":false,"showFog":true,"showSkybox":true,"showFlares":true,"showImageEffects":true,"showParticleSystems":true,"showVisualEffectGraphs":true,"m_FxEnabled":true},"in2DMode":false,"pivot":{"x":-1.3293746709823609,"y":2.405164957046509,"z":5.165754318237305},"rotation":{"x":0.22152608633041383,"y":-0.0327635258436203,"z":0.0074483719654381279,"w":0.9746084213256836},"size":3.5960307121276857,"orthographic":true}