{"cameraMode":{"drawMode":0,"name":"Shaded","section":"Shading Mode"},"sceneLighting":false,"audioPlay":false,"sceneViewState":{"m_AlwaysRefresh":false,"showFog":true,"showSkybox":true,"showFlares":true,"showImageEffects":true,"showParticleSystems":true,"showVisualEffectGraphs":true,"m_FxEnabled":true},"in2DMode":false,"pivot":{"x":-0.6900863647460938,"y":0.9599739909172058,"z":4.633505821228027},"rotation":{"x":0.023601526394486429,"y":-0.6865582466125488,"z":0.022189512848854066,"w":0.7264226078987122},"size":2.695100784301758,"orthographic":true}