{"cameraMode":{"drawMode":0,"name":"Shaded","section":"Shading Mode"},"sceneLighting":false,"audioPlay":false,"sceneViewState":{"m_AlwaysRefresh":false,"showFog":true,"showSkybox":true,"showFlares":true,"showImageEffects":true,"showParticleSystems":true,"showVisualEffectGraphs":true,"m_FxEnabled":true},"in2DMode":false,"pivot":{"x":-0.766122579574585,"y":0.7307822704315186,"z":7.757904529571533},"rotation":{"x":0.12056905776262284,"y":-0.023822713643312455,"z":0.0028942080680280926,"w":0.9924151301383972},"size":1.5519922971725464,"orthographic":true}