{"cameraMode":{"drawMode":0,"name":"Shaded","section":"Shading Mode"},"sceneLighting":false,"audioPlay":false,"sceneViewState":{"m_AlwaysRefresh":false,"showFog":true,"showSkybox":true,"showFlares":true,"showImageEffects":true,"showParticleSystems":true,"showVisualEffectGraphs":true,"m_FxEnabled":true},"in2DMode":false,"pivot":{"x":-0.29326122999191286,"y":1.5386284589767457,"z":6.108425617218018},"rotation":{"x":0.10965386778116226,"y":-0.0967559814453125,"z":0.010707039386034012,"w":0.9892033338546753},"size":3.9939866065979006,"orthographic":true}