{"cameraMode":{"drawMode":0,"name":"Shaded","section":"Shading Mode"},"sceneLighting":false,"audioPlay":false,"sceneViewState":{"m_AlwaysRefresh":false,"showFog":true,"showSkybox":true,"showFlares":true,"showImageEffects":true,"showParticleSystems":true,"showVisualEffectGraphs":true,"m_FxEnabled":true},"in2DMode":false,"pivot":{"x":-1.9577763080596924,"y":0.7539525032043457,"z":4.263731002807617},"rotation":{"x":0.32666850090026858,"y":-0.46185821294784548,"z":0.18791036307811738,"w":0.8029252290725708},"size":4.162311553955078,"orthographic":true}