{"cameraMode":{"drawMode":0,"name":"Shaded","section":"Shading Mode"},"sceneLighting":false,"audioPlay":false,"sceneViewState":{"m_AlwaysRefresh":false,"showFog":true,"showSkybox":true,"showFlares":true,"showImageEffects":true,"showParticleSystems":true,"showVisualEffectGraphs":true,"m_FxEnabled":true},"in2DMode":false,"pivot":{"x":1.9705431461334229,"y":0.9092254638671875,"z":-3.5257370471954347},"rotation":{"x":0.12652289867401124,"y":0.024099761620163919,"z":-0.0031784011516720058,"w":0.9917078018188477},"size":5.5927019119262699,"orthographic":true}