{"cameraMode":{"drawMode":0,"name":"Shaded","section":"Shading Mode"},"sceneLighting":false,"audioPlay":false,"sceneViewState":{"m_AlwaysRefresh":false,"showFog":true,"showSkybox":true,"showFlares":true,"showImageEffects":true,"showParticleSystems":true,"showVisualEffectGraphs":true,"m_FxEnabled":true},"in2DMode":false,"pivot":{"x":-1.8857595920562745,"y":3.400083065032959,"z":4.406598091125488},"rotation":{"x":0.3500617742538452,"y":-0.03626670315861702,"z":0.013455964624881745,"w":0.9359704852104187},"size":23.838830947875978,"orthographic":true}