{"cameraMode":{"drawMode":0,"name":"Shaded","section":"Shading Mode"},"sceneLighting":false,"audioPlay":false,"sceneViewState":{"m_AlwaysRefresh":false,"showFog":true,"showSkybox":true,"showFlares":true,"showImageEffects":true,"showParticleSystems":true,"showVisualEffectGraphs":true,"m_FxEnabled":true},"in2DMode":false,"pivot":{"x":-1.3299999237060547,"y":0.5540000200271606,"z":7.940000057220459},"rotation":{"x":0.2854181230068207,"y":-0.019263610243797303,"z":0.005740215536206961,"w":0.9582028388977051},"size":4.673689365386963,"orthographic":true}