{"cameraMode":{"drawMode":0,"name":"Shaded","section":"Shading Mode"},"sceneLighting":false,"audioPlay":false,"sceneViewState":{"m_AlwaysRefresh":false,"showFog":true,"showSkybox":true,"showFlares":true,"showImageEffects":true,"showParticleSystems":true,"showVisualEffectGraphs":true,"m_FxEnabled":true},"in2DMode":false,"pivot":{"x":1.1810816526412964,"y":1.3898061513900757,"z":2.7737159729003908},"rotation":{"x":0.23507559299468995,"y":-0.17870669066905976,"z":0.04401873052120209,"w":0.954401433467865},"size":4.157460689544678,"orthographic":true}