{"cameraMode":{"drawMode":0,"name":"Shaded","section":"Shading Mode"},"sceneLighting":false,"audioPlay":false,"sceneViewState":{"m_AlwaysRefresh":false,"showFog":true,"showSkybox":true,"showFlares":true,"showImageEffects":true,"showParticleSystems":true,"showVisualEffectGraphs":true,"m_FxEnabled":true},"in2DMode":false,"pivot":{"x":-0.7695429921150208,"y":1.0447437763214112,"z":6.354678630828857},"rotation":{"x":-0.24006545543670655,"y":-0.009540547616779805,"z":0.0027520295698195698,"w":-0.9709113240242004},"size":4.624140739440918,"orthographic":true}