{"cameraMode":{"drawMode":0,"name":"Shaded","section":"Shading Mode"},"sceneLighting":false,"audioPlay":false,"sceneViewState":{"m_AlwaysRefresh":false,"showFog":true,"showSkybox":true,"showFlares":true,"showImageEffects":true,"showParticleSystems":true,"showVisualEffectGraphs":true,"m_FxEnabled":true},"in2DMode":false,"pivot":{"x":0.09868407249450684,"y":-0.0635216012597084,"z":7.566567420959473},"rotation":{"x":0.2920759618282318,"y":-0.002869212068617344,"z":0.0008762201177887619,"w":0.9563908576965332},"size":2.3664391040802,"orthographic":true}