{"cameraMode":{"drawMode":0,"name":"Shaded","section":"Shading Mode"},"sceneLighting":false,"audioPlay":false,"sceneViewState":{"m_AlwaysRefresh":false,"showFog":true,"showSkybox":true,"showFlares":true,"showImageEffects":true,"showParticleSystems":true,"showVisualEffectGraphs":true,"m_FxEnabled":true},"in2DMode":false,"pivot":{"x":0.3016623258590698,"y":1.8616595268249512,"z":4.785319805145264},"rotation":{"x":0.27482539415359499,"y":-0.09785537421703339,"z":0.028149496763944627,"w":0.9561105966567993},"size":2.9575459957122804,"orthographic":true}