{"cameraMode":{"drawMode":0,"name":"Shaded","section":"Shading Mode"},"sceneLighting":false,"audioPlay":false,"sceneViewState":{"m_AlwaysRefresh":false,"showFog":true,"showSkybox":true,"showFlares":true,"showImageEffects":true,"showParticleSystems":true,"showVisualEffectGraphs":true,"m_FxEnabled":true},"in2DMode":false,"pivot":{"x":-1.0415430068969727,"y":-0.8266797065734863,"z":5.825504779815674},"rotation":{"x":0.2376774251461029,"y":-0.014569859951734543,"z":0.003565714228898287,"w":0.9712327122688294},"size":4.415809154510498,"orthographic":true}