{"cameraMode":{"drawMode":0,"name":"Shaded","section":"Shading Mode"},"sceneLighting":false,"audioPlay":false,"sceneViewState":{"m_AlwaysRefresh":false,"showFog":true,"showSkybox":true,"showFlares":true,"showImageEffects":true,"showParticleSystems":true,"showVisualEffectGraphs":true,"m_FxEnabled":true},"in2DMode":false,"pivot":{"x":-1.3293746709823609,"y":2.405164957046509,"z":5.165754318237305},"rotation":{"x":0.2995205521583557,"y":0.10220976918935776,"z":-0.03230253979563713,"w":0.9480850100517273},"size":3.5960307121276857,"orthographic":true}