{"cameraMode":{"drawMode":0,"name":"Shaded","section":"Shading Mode"},"sceneLighting":false,"audioPlay":false,"sceneViewState":{"m_AlwaysRefresh":false,"showFog":true,"showSkybox":true,"showFlares":true,"showImageEffects":true,"showParticleSystems":true,"showVisualEffectGraphs":true,"m_FxEnabled":true},"in2DMode":false,"pivot":{"x":1.0921869277954102,"y":-0.5083926320075989,"z":2.278629779815674},"rotation":{"x":0.26506149768829348,"y":-0.03961822763085365,"z":0.01090067345649004,"w":0.9633557200431824},"size":2.3151657581329347,"orthographic":true}