{"cameraMode":{"drawMode":0,"name":"Shaded","section":"Shading Mode"},"sceneLighting":false,"audioPlay":false,"sceneViewState":{"m_AlwaysRefresh":false,"showFog":true,"showSkybox":true,"showFlares":true,"showImageEffects":true,"showParticleSystems":true,"showVisualEffectGraphs":true,"m_FxEnabled":true},"in2DMode":false,"pivot":{"x":-0.9012808799743652,"y":1.860174298286438,"z":7.40895938873291},"rotation":{"x":0.12750932574272157,"y":-0.09062548726797104,"z":0.011781632900238037,"w":0.9876694083213806},"size":4.5790886878967289,"orthographic":true}