{"cameraMode":{"drawMode":0,"name":"Shaded","section":"Shading Mode"},"sceneLighting":true,"audioPlay":false,"sceneViewState":{"m_AlwaysRefresh":false,"showFog":true,"showSkybox":true,"showFlares":true,"showImageEffects":true,"showParticleSystems":true,"showVisualEffectGraphs":true,"m_FxEnabled":true},"in2DMode":false,"pivot":{"x":-0.8511000275611877,"y":2.6596999168395998,"z":9.699999809265137},"rotation":{"x":0.11515986174345017,"y":-0.037839069962501529,"z":0.004388626664876938,"w":0.9926211833953857},"size":2.198448896408081,"orthographic":true}