{"cameraMode":{"drawMode":0,"name":"Shaded","section":"Shading Mode"},"sceneLighting":false,"audioPlay":false,"sceneViewState":{"m_AlwaysRefresh":false,"showFog":true,"showSkybox":true,"showFlares":true,"showImageEffects":true,"showParticleSystems":true,"showVisualEffectGraphs":true,"m_FxEnabled":true},"in2DMode":false,"pivot":{"x":2.877075433731079,"y":0.9722408652305603,"z":5.388625621795654},"rotation":{"x":0.29350847005844118,"y":0.014506100676953793,"z":-0.005184471141546965,"w":0.9559817314147949},"size":6.6225714683532719,"orthographic":true}