{"cameraMode":{"drawMode":0,"name":"Shaded","section":"Shading Mode"},"sceneLighting":false,"audioPlay":false,"sceneViewState":{"m_AlwaysRefresh":false,"showFog":true,"showSkybox":false,"showFlares":true,"showImageEffects":true,"showParticleSystems":true,"showVisualEffectGraphs":true,"m_FxEnabled":true},"in2DMode":false,"pivot":{"x":-1.4000003337860108,"y":0.40000003576278689,"z":0.5429999828338623},"rotation":{"x":0.07285655289888382,"y":0.9009713530540466,"z":-0.16612805426120759,"w":0.39431583881378176},"size":0.5205390453338623,"orthographic":true}